{
  "run_dir": "runs_t1m3\\20251225_231206_T1M3_headce_chunked_ckpt0_seq1024_bs2_bf16",
  "head": "ce_chunked",
  "ckpt": 0,
  "dtype": "bf16",
  "batch": 2,
  "seq": 1024,
  "steps": 30,
  "mean_wall_ms": 1367.9148433327402,
  "mean_fwd_ms": 318.26622517903644,
  "mean_head_fwd_ms": 87.92302907307943,
  "mean_bwd_ms": 925.8841796875,
  "mean_optim_ms": 35.06196505228679,
  "peak_alloc_gib_max": 9.902494430541992,
  "peak_reserved_gib_max": 10.703125
}