epoch,epoch_wall_s,sum_wall_ms,sum_fwd_ms,sum_bwd_ms,sum_opt_ms
0,13.815044,10783.991500,4364.415413,5391.450470,1022.848293
